{
    "type": "mysql",
    "host": "localhost",
    "port": 3306,
    "username": "root",
    "password": "root",
    "database": "cryztal_dev",
    "synchronize": true,
    "logging": false,
    "migrationsTableName": "migrations",
    "entities": ["src/entity/**/*.ts"],
    "migrations": ["src/migration/**/*.ts"],
    "subscribers": ["src/subscriber/**/*.ts"],
    "cli": {
        "entitiesDir": "src/entity",
        "migrationsDir": "src/migration",
        "subscribersDir": "src/subscriber"
    }
}
